doc_id,T0,T1,T2,T3,T4,T5,T6,T7,T8,T9,T10,T11,authors,year,title
doc001,3.657312845462002e-05,0.0010328928474336863,0.9789574146270752,0.018825704231858253,3.6574383557308465e-05,3.657174238469452e-05,3.657303022919223e-05,3.65710657206364e-05,3.65751693607308e-05,3.657430352177471e-05,0.0008912145858630538,3.657222259789705e-05,Abril et al.,2024,An Integrated Event-Driven Real-Time Tactical-Operational Optimization Framework for Smart Port Oper
doc002,9.502530156169087e-05,0.11415861546993256,9.501686145085841e-05,0.09218722581863403,9.502057946519926e-05,9.501446038484573e-05,0.792799174785614,9.501538443146273e-05,9.502389002591372e-05,9.501841850578785e-05,9.502009197603911e-05,9.501637396169826e-05,Aksentijevic et al.,2022,TOE framework in risk management during implementation of the Croatian national Port Community Syste
doc003,0.0001573150948388502,0.2292274832725525,0.00015731387247797102,0.052047379314899445,0.00015731014718767256,0.0001573059125803411,0.6735717058181763,0.0001573064218973741,0.0438949279487133,0.00015731270832475275,0.0001573104818817228,0.00015733328473288566,Aksentijevič et al.,2023,Risk Management in Development of Croatian Maritime Cargo Single Window System
doc004,0.23801079392433167,7.396657019853592e-05,7.396832370432094e-05,0.2586415410041809,7.396208093268797e-05,7.396070577669889e-05,7.396334694931284e-05,0.09417597949504852,0.05674475431442261,7.396112778224051e-05,0.35190916061401367,7.395951251965016e-05,Alfaro et al.,2017,Public private partnership investment to execute policies of port community system in Central Americ
doc005,0.9794355034828186,5.994403181830421e-05,0.01996532455086708,5.994390448904596e-05,5.994737512082793e-05,5.9939735365333036e-05,5.994152161292732e-05,5.994399180053733e-05,5.994144157739356e-05,5.9942525695078075e-05,5.994768434902653e-05,5.994995808578096e-05,Mubder e Fredriksson,2025,Mechanisms supporting the continuance use of Port Community Systems A Swedish case-study
doc006,0.00010724487219704315,0.8506631851196289,0.0001072460290743038,0.00010724573803599924,0.0001072436134563759,0.00010724513413151726,0.00010724003368522972,0.00010724912135628983,0.13901256024837494,0.00010724445746745914,0.00010724420280894265,0.009358946233987808,Amankwah-Sarfo et al.,2019,Digital infrastructure for port container handling and success or failure of stakeholders’ goals A
doc007,0.03602411597967148,5.2319071983220056e-05,5.2317307563498616e-05,0.7745258808135986,5.231610339251347e-05,5.2316772780613974e-05,5.231752584222704e-05,0.07852683216333389,5.2316347137093544e-05,5.231503018876538e-05,0.11050473898649216,5.231562681728974e-05,Aryee e Hansen,2022,De-politicization of digital systems for trade facilitation at the port of tema A soft systems meth
doc008,0.08115017414093018,0.09620679914951324,0.539760410785675,0.03221163898706436,0.00012296561908442527,0.00012294012412894517,0.0001229404006153345,0.03945576399564743,0.03769711032509804,0.057534437626600266,0.11549188941717148,0.0001229457266163081,B. O. Bakari e A. P. Subriadi,2020,Information Systems Usage on Enhancing Port Performance Perceived Service Quality as a Mediating Rol
doc009,0.06392921507358551,0.11745103448629379,7.776367419864982e-05,7.776521670166403e-05,7.776907295919955e-05,7.77646346250549e-05,7.776590064167976e-05,0.46606722474098206,0.012350164353847504,0.09824543446302414,0.24149036407470703,7.776154961902648e-05,Balaji,2024,India's blue economy priorities maritime sector
doc010,7.704262679908425e-05,0.031945254653692245,7.7050608524587e-05,0.007847235538065434,0.03154272958636284,0.45136672258377075,0.15518347918987274,7.704411109443754e-05,0.14804285764694214,7.705028838245198e-05,0.17368660867214203,7.704882591497153e-05,Barasti et al.,2022,An ICT Prototyping Framework for the Port of the Future
doc011,0.0687023177742958,5.4240506869973615e-05,0.0067710839211940765,0.06398449093103409,0.07729245722293854,5.4242169426288456e-05,5.424004848464392e-05,0.5446875691413879,5.42441412108019e-05,5.424354094429873e-05,0.2017238885164261,0.036567091941833496,Baştuğ et al.,2020,A value chain analysis of a seaport from the perspective of Industry 4.0
doc012,9.632009459892288e-05,9.630277781980112e-05,9.629683336243033e-05,9.630142449168488e-05,0.08886419981718063,9.629557462176308e-05,9.630386193748564e-05,9.629395208321512e-05,9.630530257709324e-05,0.15721513330936432,0.7530540227890015,9.629919804865494e-05,Belmoukari et al.,2023,Smart port a systematic literature review
doc013,0.00014801538782194257,0.07494969666004181,0.00014802045188844204,0.15875838696956635,0.0716361552476883,0.23646003007888794,0.0001480214559705928,0.2468940168619156,0.1060657724738121,0.02432865835726261,0.06426028162240982,0.016202978789806366,Belsa et al.,2023,Innovative cognitive data platform to improve processes in European seaports
doc014,0.00014908102457411587,0.0001490744180046022,0.000149067142046988,0.00014908661250956357,0.00014906494470778853,0.0001490753929829225,0.19321277737617493,0.8052964210510254,0.00014908907178323716,0.00014906340220477432,0.00014906808792147785,0.00014907628064975142,Beškovnik,2015,Introducing electronic maritime single window by port communities in the Adriatic region
doc015,7.626300066476688e-05,7.626129081472754e-05,7.625790021847934e-05,7.626271690241992e-05,7.626721344422549e-05,7.625741272931919e-05,7.626469596289098e-05,7.626082515344024e-05,0.9991611838340759,7.628429011674598e-05,7.626441947650164e-05,7.62605995987542e-05,Bisogno et al.,2015,Improving the efficiency of Port Community Systems through integrated information flows of logistic
doc016,0.1320551335811615,0.0045574624091386795,4.436718882061541e-05,0.03117014840245247,0.024317272007465363,0.007763836532831192,4.4364958739606664e-05,4.436408562469296e-05,0.03267716243863106,4.436886592884548e-05,0.10607022047042847,0.6612112522125244,Bossong et al.,2025,Digital platforms in intermodal freight transport an analysis of emerging business models and their
doc017,5.468432937050238e-05,5.468398376251571e-05,5.468450399348512e-05,0.584712028503418,0.060689788311719894,5.468214658321813e-05,5.4682499467162415e-05,5.467976734507829e-05,5.468189192470163e-05,0.12412462383508682,0.21158848702907562,0.018502388149499893,Boullauazan et al.,2023,Developing and demonstrating a maturity model for smart ports
doc018,0.16270262002944946,0.00010657548409653828,0.04772945120930672,0.00010657142411218956,0.00010657186066964641,0.00010656109952833503,0.0001065673932316713,0.00010656624363036826,0.7210187315940857,0.06769663095474243,0.00010657256643753499,0.00010656933591235429,Caldeirinha et al.,2020,The impact of port community systems (PCS) characteristics on performance
doc019,0.09550558030605316,0.00010543502867221832,0.07094240188598633,0.0001054492240655236,0.09556496888399124,0.00010544019460212439,0.00010542887321207672,0.00010543171811150387,0.5770647525787354,0.023355111479759216,0.11047451943159103,0.026565445587038994,Caldeirinha et al.,2022,Port Community Systems Accelerating the Transition of Seaports toward the Physical Internet
doc020,7.620138785568997e-05,7.620122050866485e-05,7.62016570661217e-05,0.8674441576004028,7.619446841999888e-05,7.620677206432447e-05,7.620594260515645e-05,7.620294491061941e-05,0.13179409503936768,7.62038616812788e-05,7.620074029546231e-05,7.620475662406534e-05,Carlan et al.,2016,How port community systems can contribute to port competitiveness Developing a cost-benefit framework
doc021,7.0649512053933e-05,7.064754754537717e-05,7.064859528327361e-05,0.9992231130599976,7.065851968945935e-05,7.064934470690787e-05,7.065218960633501e-05,7.06464852555655e-05,7.065365934977308e-05,7.064994861138985e-05,7.065184036036953e-05,7.065544195938855e-05,Carlan et al.,2017,Digital innovation in the port sector Barriers and facilitators Barriers and facilitators
doc022,0.02696322090923786,6.228026177268475e-05,0.012694225646555424,0.1325352042913437,6.228156416909769e-05,6.227406265679747e-05,0.07858921587467194,6.22786465100944e-05,0.6443433165550232,6.22814113739878e-05,0.09872164577245712,0.005841819103807211,Cepolina e Ghiara,2013,New trends in port strategies. Emerging role for ICT infrastructures
doc023,7.117684435797855e-05,7.11804605089128e-05,0.0394202396273613,7.117209315765649e-05,7.118048233678564e-05,0.04641329497098923,7.118107168935239e-05,0.07023680210113525,0.7340987324714661,7.118225039448589e-05,0.10933272540569305,7.116716733435169e-05,Cerin e Beskovnik,2024,Enhancing Sustainability through the Development of Port Communication Systems A Case Study of the
doc024,9.178651816910133e-05,9.178509208140895e-05,9.17932266020216e-05,9.178445907309651e-05,0.056718043982982635,0.09466110914945602,9.178714390145615e-05,0.7599924206733704,0.08074434101581573,0.007241647690534592,9.178058098768815e-05,9.178250911645591e-05,D. Sarabia-Jácome et al.,2020,Seaport Data Space for Improving Logistic Maritime Operations
doc025,9.272593888454139e-05,9.272261377191171e-05,9.272164606954902e-05,9.273492469219491e-05,9.272195893572643e-05,9.272520401282236e-05,9.272615716326982e-05,9.272782335756347e-05,9.27243527257815e-05,9.27207074710168e-05,0.9989800453186035,9.272426541429013e-05,de Langen & van der Lugt,2017,Institutional reforms of port authorities in the Netherlands
doc026,0.06443004310131073,7.147431460907683e-05,7.14697380317375e-05,7.147671567508951e-05,0.004922239575535059,7.146868301788345e-05,7.147320866351947e-05,7.147189899114892e-05,0.8866276741027832,7.147173164412379e-05,0.04344835504889488,7.146985444705933e-05,Di Vaio e Varriale,2020,Digitalization in the sea-land supply chain experiences from Italy in rethinking the port operation
doc027,0.00011044953862437978,0.1998400092124939,0.00011045045539503917,0.06164512783288956,0.00011045661085518077,0.000110453343950212,0.5462810397148132,0.057754628360271454,0.13370594382286072,0.00011044627899536863,0.00011044986604247242,0.00011045078281313181,E. Tijan e S. Aksentijević,2014,Seaport cluster information systems — A foundation for Port Community Systems' architecture
doc028,7.58076785132289e-05,7.580909732496366e-05,0.005951127037405968,7.58071182644926e-05,0.0688304603099823,0.049852900207042694,7.580581586807966e-05,7.580551027785987e-05,0.7828090190887451,7.581111276522279e-05,0.07927535474300385,0.012826357036828995,Fahim et al.,2021,An information architecture to enable track-and-trace capability in Physical Internet ports
doc029,0.062354493886232376,0.010696961544454098,0.05193987861275673,8.375170727958903e-05,0.07450064271688461,0.14674536883831024,0.024709602817893028,8.375238394364715e-05,0.3198643922805786,8.375553443329409e-05,0.28939372301101685,0.019543670117855072,Fahim et al.,2021,The Physical Internet and Maritime Ports Ready for the Future
doc030,7.632781489519402e-05,0.1310131847858429,7.632222695974633e-05,7.632956840097904e-05,7.632943015778437e-05,7.632473716512322e-05,7.632597407791764e-05,7.632160850334913e-05,7.632099004695192e-05,0.14062146842479706,0.7276784777641296,7.631994958501309e-05,Farahat et al.,2025,THE ADOPTION OF SMART PORT TRANSFORMATION IN EGYPTIAN PORTS CONCEPTUAL FRAMEWORK
doc031,0.6212456226348877,8.096388046396896e-05,8.096781675703824e-05,0.24041561782360077,8.095983503153548e-05,8.096222882159054e-05,8.09636403573677e-05,0.036231834441423416,0.10145937651395798,8.096258534351364e-05,8.096579404082149e-05,8.096227975329384e-05,Fedi et al.,2019,The facilitating role of IT systems for legal compliance the case of port community systems and con
doc032,4.215415538055822e-05,4.2151386878686026e-05,0.02671799249947071,0.04952070116996765,4.215382432448678e-05,4.215293301967904e-05,4.2149647924816236e-05,4.214945147396065e-05,0.013061797246336937,4.215693479636684e-05,0.9103623032569885,4.215452281641774e-05,Franchi et al.,2025,Assessing digital maturity in ports development and application of a capability model for port acto
doc033,0.2152179330587387,0.06834177672863007,5.5111882829805836e-05,0.043366141617298126,0.23161809146404266,0.03687184676527977,0.04087065905332565,0.08566536754369736,5.5112992413342e-05,0.012768184766173363,0.2540069818496704,0.011162888258695602,Fruth e Teuteberg,2017,Digitization in maritime logistics—What is there and what is missing
doc034,0.10098221898078918,0.030330125242471695,6.983342609601095e-05,6.983504863455892e-05,0.143642395734787,6.983629282331094e-05,6.983128696447238e-05,6.983272760407999e-05,6.983292405493557e-05,0.25692522525787354,0.4676313102245331,6.983501225477085e-05,González-Cancelas et al.,2025,Key Factors for the Implementation of the Metaverse in Spanish Ports An Evaluation Based on a Prior
doc035,0.08840953558683395,0.11068986356258392,0.06160430610179901,5.254306233837269e-05,5.254794450593181e-05,5.254074130789377e-05,5.254221468931064e-05,5.2541206969181076e-05,0.07610258460044861,0.5518954396247864,0.11098302900791168,5.253966446616687e-05,González-Solano et al.,2025,Prioritizing port resilience drivers and strategies a case study of Chilean ports
doc036,4.056878242408857e-05,4.05701830459293e-05,0.02623843029141426,4.056974648847245e-05,0.10774417966604233,4.056970647070557e-05,0.032731957733631134,4.05675164074637e-05,0.06764476746320724,0.7653566002845764,4.057122714584693e-05,4.057070327689871e-05,Gonçalves et al.,2025,Data Storytelling and Decision-Making in Seaport Operations A New Approach Based on Business Intell
doc037,5.7403820392210037e-05,5.740241249441169e-05,5.740907363360748e-05,5.740390042774379e-05,5.7405824918532744e-05,5.740149936173111e-05,5.7402619859203696e-05,5.740447522839531e-05,0.013388351537287235,5.741025961469859e-05,0.9860376119613647,5.741045606555417e-05,Gracia et al.,2022,Assessing the implementation of governance best practices by Latin American ports
doc038,0.4903479814529419,7.374121923930943e-05,7.373937842203304e-05,7.373581320280209e-05,7.372943946393207e-05,7.374396227532998e-05,0.15095172822475433,0.06078600883483887,0.29732441902160645,7.373270636890084e-05,7.373461266979575e-05,7.372780964942649e-05,Gróbarczyk,2025,Port Community System (PCS) as a digital platform for autonomous ships A Polish perspective
doc039,0.778374969959259,9.230948489857838e-05,9.230925934389234e-05,0.11894667148590088,9.230450086761266e-05,9.23137049539946e-05,9.23088300623931e-05,9.230837895302102e-05,0.10184765607118607,9.230284194927663e-05,9.231254080077633e-05,9.231107105733827e-05,Gustafsson,2007,"Interaction between Transport, Infrastructure, and Institutional Management Case Study of a Port Co"
doc040,0.20197877287864685,6.652121373917907e-05,6.652198499068618e-05,6.651842704741284e-05,6.652009324170649e-05,6.652776210103184e-05,0.7973561882972717,6.652336742263287e-05,6.652800220763311e-05,6.651623698417097e-05,6.651658623013645e-05,6.652372394455597e-05,Hagaseth et al.,2023,A New Architectural Framework for Digitalization of Maritime Intelligent Transport Systems
doc041,0.02504405565559864,0.04126559942960739,0.024759065359830856,0.07196839898824692,0.26542234420776367,0.06046849861741066,0.27070093154907227,0.01734807714819908,0.13547071814537048,0.040293168276548386,0.013247096911072731,0.03401193767786026,Heilig e Voss,2017,Information systems in seaports a categorization and overview
doc042,0.07612989097833633,4.0563856600783765e-05,0.04663319140672684,4.0563794755144045e-05,4.056276520714164e-05,0.011869329959154129,4.0565319068264216e-05,4.056686157127842e-05,4.056519173900597e-05,0.8469943404197693,0.018089154735207558,4.0562881622463465e-05,Hsu et al.,2023,Key factors for the success of smart ports during the post-pandemic era
doc043,6.954409036552534e-05,6.953977572266012e-05,6.953763659112155e-05,0.13664428889751434,0.005783193279057741,0.2306714951992035,6.954099808353931e-05,0.06041388958692551,0.5098011493682861,6.953832053113729e-05,0.05279959738254547,0.0035386348608881235,Iida e Watanabe,2023,Focal points for the development and operation of port community System-A - A case study of developm
doc044,3.101448237430304e-05,0.2138873189687729,0.015208150260150433,0.06865577399730682,3.101457696175203e-05,0.7020004987716675,3.1013129046186805e-05,3.101468973909505e-05,3.101480979239568e-05,3.101355832768604e-05,3.101519541814923e-05,3.1015581043902785e-05,Irannezhad,2020,The Architectural Design Requirements of a Blockchain-Based Port Community System
doc045,4.7187826567096636e-05,0.08129186928272247,0.02295905537903309,0.10973610728979111,4.7187128075165674e-05,0.785635232925415,4.718615673482418e-05,4.7187790187308565e-05,4.7189740143949166e-05,4.719491698779166e-05,4.718692071037367e-05,4.7185363655444235e-05,Irannezhad e Faroqi,2023,Addressing some of bill of lading issues using the Internet of Things and blockchain technologies a
doc046,3.251066664233804e-05,3.251037196605466e-05,3.2512620236957446e-05,3.251109956181608e-05,0.9996421933174133,3.2509829907212406e-05,3.250929876230657e-05,3.251014641136862e-05,3.2510230084881186e-05,3.251363887102343e-05,3.2513245969312266e-05,3.2512547477381304e-05,Jalali e Tei,2025,"Maritime technology attention trends Buzzwords, stability, and emerging patterns"
doc047,0.6173269152641296,6.770031905034557e-05,0.076290063560009,0.10837677121162415,6.770529580535367e-05,6.77043863106519e-05,6.769998435629532e-05,6.770259642507881e-05,0.10172693431377411,0.04844743013381958,0.03387615457177162,0.01361732929944992,Jiang et al.,2023,Exploring the impact of port-centric information integration on port performance the case of Qingda
doc048,0.0001645808370085433,0.07769825309515,0.00016459941980428994,0.06560541689395905,0.00016459677135571837,0.00016458779282402247,0.27474385499954224,0.031105514615774155,0.1235332041978836,0.2202143371105194,0.19014470279216766,0.01629636622965336,Jovic et al.,2019,The Transition of Croatian Seaports into Smart Ports
doc049,0.3822464048862457,0.1698503941297531,0.00013802053581457585,0.06260252743959427,0.00013802407192997634,0.00013802529429085553,0.1059558317065239,0.07102558761835098,0.05550817772746086,0.051231469959020615,0.1010274738073349,0.00013800477609038353,Jovic et al.,2020,SWOT analysis of selected digital technologies in transport economics
doc050,0.6544730067253113,0.06443428993225098,7.523234671680257e-05,7.523829117417336e-05,0.27280569076538086,0.007685330230742693,7.524211832787842e-05,7.52321066102013e-05,7.523459498770535e-05,7.523586828028783e-05,7.523727254010737e-05,7.523588283220306e-05,Jovic et al.,2022,"Digitalization in Maritime Transport and Seaports Bibliometric, Content and Thematic Analysis"
doc051,0.06303331255912781,6.511854735435918e-05,6.51235823170282e-05,6.511971150757745e-05,6.511513493023813e-05,6.511760147986934e-05,0.4622787535190582,0.46214669942855835,0.0035755024291574955,6.512193795060739e-05,0.008510048501193523,6.512031541205943e-05,Kapidani et al.,2020,National maritime single window – cost-benefit analysis of montenegro case study
doc052,0.16881194710731506,0.038236506283283234,0.00013956708426121622,0.054222580045461655,0.04921561852097511,0.0372597798705101,0.2218092679977417,0.0001395780564052984,0.2818288505077362,0.0001395805593347177,0.1079353541135788,0.04026130214333534,Kapkaeva et al.,2021,Digital Platform for Maritime Port Ecosystem Port of Hamburg Case
doc053,8.406815322814509e-05,0.9657502174377441,8.406624692725018e-05,8.40745706227608e-05,8.406679262407124e-05,0.033409468829631805,8.406654524151236e-05,8.407032873947173e-05,8.407350833294913e-05,8.406992128584534e-05,8.407772838836536e-05,8.406957931583747e-05,Kayisoglu et al.,2025,Exploring cyber security threats and security models in cross-border paperless maritime trade system
doc054,8.590109791839495e-05,0.016600364819169044,8.589627395849675e-05,0.1666245460510254,8.589461504016072e-05,8.589860226493329e-05,8.589712524553761e-05,0.5182004570960999,0.28115707635879517,8.5892403149046e-05,0.01681631989777088,8.590070501668379e-05,Keceli,2011,A Proposed Innovation Strategy for Turkish Port Administration Policy via Information Technology
doc055,0.08741920441389084,6.940218736417592e-05,6.939481681911275e-05,6.940331513760611e-05,6.939224840607494e-05,0.04433392733335495,6.940021557966247e-05,6.940136518096551e-05,0.2322680950164795,6.939536979189143e-05,0.6215896010398865,0.013903304934501648,Klievink et al.,2012,Blurring public-private boundaries governance of information sharing in global trade networks
doc056,0.00011156741675222293,0.08132354170084,0.022386817261576653,0.00011155285756103694,0.1557106375694275,0.00011155501852044836,0.04053787514567375,0.00011156850086990744,0.042301155626773834,0.07797538489103317,0.5792068243026733,0.00011155471293022856,Kosek et al.,2025,Smart ports in Poland The digital transformation of maritime logistics on the example of the ports
doc057,6.146553641883656e-05,0.04326281324028969,0.003673484781756997,6.146644591353834e-05,0.5253291130065918,0.035882119089365005,6.146584200905636e-05,0.04569442570209503,6.146489613456652e-05,6.1469450884033e-05,0.3457892835140228,6.146686791907996e-05,Lai,2025,Research on Data Fusion-Driven Collaborative Logistics Development in the Bay Area
doc058,2.4695951651665382e-05,2.469738683430478e-05,0.019533663988113403,2.4695680622244254e-05,0.018626196309924126,2.469586797815282e-05,2.4695798856555484e-05,0.5172746181488037,2.4695522370166145e-05,0.005818549077957869,0.43857404589653015,2.4695325919310562e-05,Lakićević e Niković,2025,Navigating Sustainability The Green Transition of the Port of Bar
doc059,0.24448448419570923,0.3591301143169403,0.00010037869651569054,0.03888745233416557,0.00010038138862000778,0.00010037387255579233,0.19838522374629974,0.00010038266918854788,0.13468992710113525,0.00010037656466010958,0.00010038161417469382,0.023820511996746063,Lambrou et al.,2008,Ambient intelligence technologies in support of shipping markets’ operations
doc060,0.0439063124358654,0.09997361153364182,0.013355867937207222,0.0583978034555912,0.03176635503768921,8.229795639635995e-05,0.4721975326538086,0.07087703049182892,0.08196894079446793,8.23017762741074e-05,0.03127044811844826,0.09612157940864563,Lambrou et al.,2013,Service-oriented computing and model-driven development as enablers of port information systems An
doc061,7.323203317355365e-05,7.32298067305237e-05,7.323054160224274e-05,7.323297904804349e-05,7.323052705032751e-05,7.324555917875841e-05,7.322365854633972e-05,7.322875899262726e-05,7.32309854356572e-05,0.9991945624351501,7.322882447624579e-05,7.322941382881254e-05,Li et al.,2023,Smart technologies and port operations Optimal adoption strategy with network externality considera
doc062,6.158264295663685e-05,6.157988536870107e-05,0.04497060924768448,6.158321048133075e-05,0.01346054207533598,6.158008181955665e-05,0.33686864376068115,6.157501775305718e-05,6.158040923764929e-05,0.5929070115089417,0.011362112127244473,6.158075848361477e-05,Liu et al.,2022,Research on the Beibu Gulf Port Container Terminal Operation System Construction Performance Evaluat
doc063,3.7526646337937564e-05,0.9995868802070618,3.752793782041408e-05,3.752486372832209e-05,3.7528647226281464e-05,3.752923657884821e-05,3.752520206035115e-05,3.752404518309049e-05,3.752539123524912e-05,3.7529396649915725e-05,3.7526282540056854e-05,3.7526431697187945e-05,Liu et al.,2025,Survey and Future Trends for Cybersecurity in Maritime and Port Sectors A Discrete Event Systems Pe
doc064,0.41754651069641113,0.1716075986623764,0.0001395609142491594,0.00013955723261460662,0.0001395601429976523,0.00013954688620287925,0.00013954725000075996,0.0001395487633999437,0.00013957258488517255,0.2230118364095688,0.1867176592350006,0.00013954672613181174,Loke et al.,2024,Seaport Continuity Modelling Toward Pandemic Disaster Preparedness in the Future
doc065,0.012053760699927807,0.05881831794977188,0.0001962190290214494,0.2527098059654236,0.00019618739315774292,0.00019621619139797986,0.1394805610179901,0.04601622372865677,0.4639417231082916,0.0001961963134817779,0.025998640805482864,0.0001961801463039592,Long,2009,Port community systems
doc066,0.05899900197982788,0.00023541392874903977,0.00023540871916338801,0.0002354107127757743,0.0002354167081648484,0.0002354043535888195,0.12442497909069061,0.17836864292621613,0.2329607605934143,0.1474357694387436,0.25639835000038147,0.00023543603310827166,Luciana et al.,2019,Management platform for the port communities
doc067,0.0037083567585796118,0.00012801226694136858,0.00012797013914678246,0.00012797968520317227,0.0001279804273508489,0.014992018230259418,0.5680586099624634,0.00012797520321328193,0.41221705079078674,0.00012797438830602914,0.0001279825810343027,0.00012795977818313986,Lucietti e Chierico,2016,Newly Computerized System for Seamless Management of Enrolment and Access in the Port of Taranto
doc068,0.0017225452465936542,0.02348283864557743,5.2825125749222934e-05,0.06382167339324951,5.282196798361838e-05,5.282506754156202e-05,0.015676302835345268,0.04394605755805969,0.8244797587394714,5.281990161165595e-05,0.013868243433535099,0.012791276909410954,Lupi et al.,2025,Design and Development of a New Web Platform for the Management of Physical Flows and Customs Docume
doc069,0.137456014752388,0.042338162660598755,5.660785609507002e-05,0.36255818605422974,5.661243631038815e-05,0.006154858972877264,0.009609028697013855,5.660904571413994e-05,0.13730493187904358,5.660372335114516e-05,0.30429571866989136,5.661595787387341e-05,Makris e Vradis,2024,"The production of information space in the port of Piraeus digital logistical media, power mutation"
doc070,0.04980288818478584,0.41288748383522034,5.406688796938397e-05,0.02667369320988655,0.006037469487637281,5.407038770499639e-05,5.407298885984346e-05,0.30445998907089233,0.07324803620576859,5.407050048233941e-05,0.12662017345428467,5.4066680604591966e-05,Mamyrova et al.,2025,Comparative analysis of digital technologies and legal frameworks in customs operations A focus on
doc071,0.024573858827352524,0.3661360740661621,0.19042234122753143,0.06908641010522842,7.272195944096893e-05,0.05098602548241615,7.272570655914024e-05,0.1749216467142105,0.0840008333325386,0.03958193585276604,7.271904178196564e-05,7.271662616403773e-05,Melnyk et al.,2025,ANALYTICAL MODEL FOR SHIP GRACE-PERIOD OPTIMIZATION VIA A SINGLE WINDOW PLATFORM A TIANJIN PORT CAS
doc072,6.974396819714457e-05,0.04887846112251282,0.011157232336699963,0.021478887647390366,6.97477298672311e-05,6.974122516112402e-05,0.0803728699684143,6.97450595907867e-05,6.974122516112402e-05,0.4157049059867859,0.4219892621040344,6.973388371989131e-05,Molavi et al.,2020,A framework for building a smart port and smart port index
doc073,0.000144793521030806,0.006234405096620321,0.15611857175827026,0.08092685043811798,0.00014481406833510846,0.10592887550592422,0.00014479260426014662,0.08431727439165115,0.32920897006988525,0.15813565254211426,0.0785500779747963,0.00014479312812909484,Moros-Daza et al.,2016,Assessing the effect of implementing a port community system platform in the response time of an int
doc074,0.008125022985041142,0.0037592032458633184,0.0880817398428917,0.08702374249696732,0.0001740370789775625,0.041435204446315765,0.00017404746904503554,0.041850630193948746,0.18331404030323029,0.22313052415847778,0.322757750749588,0.00017405145626980811,Moros-Daza et al.,2018,A multivariate analysis for the creation of Port Community System approaches
doc075,0.052985381335020065,0.014383881352841854,5.237928417045623e-05,0.17982891201972961,0.2459619641304016,5.23788585269358e-05,5.237933874013834e-05,0.15195845067501068,0.08472156524658203,0.03934185206890106,0.20038220286369324,0.03027869202196598,Moros-Daza et al.,2020,Port Community Systems A structured literature review
doc076,0.6921089291572571,5.9568857977865264e-05,0.0936085432767868,0.018217071890830994,5.957196844974533e-05,5.956919994787313e-05,0.01893717795610428,5.9573460021056235e-05,5.9572808822849765e-05,0.035993561148643494,0.14077749848365784,5.957016401225701e-05,Mubder,2024,The implementation of berth allocation policies that enable Just-in-Time arrival in port calls
doc077,0.021697217598557472,0.00020885879348497838,0.00020886299898847938,0.044535018503665924,0.38502252101898193,0.016673212870955467,0.00020886592392344028,0.00020885956473648548,0.4268546998500824,0.024449743330478668,0.07972335815429688,0.0002088504406856373,Musolino et al.,2022,EMERGING ICT AND PORT COMMUNITY SYSTEMS A SURVEY OF SCIENTIFIC LITERATURE
doc078,0.00016457834863103926,0.0569840669631958,0.02106161043047905,0.018881244584918022,0.00016456008597742766,0.03749258071184158,0.60160893201828,0.18997402489185333,0.07317465543746948,0.0001645563606871292,0.00016455788863822818,0.00016455208242405206,N. Kapidani e E. Kočan,2015,Implementation of national maritime single window in Montenegro
doc079,0.00010027524695033208,0.06240588799118996,0.010079202242195606,0.017802733927965164,0.0001002676654024981,0.00010027808457380161,0.6535484790802002,0.17755582928657532,0.06003546342253685,0.00010027760436059907,0.018070990219712257,0.00010028717952081934,N. Kapidani et al.,2021,Establishing a National Maritime Single Window in Small Coastal Countries
doc080,9.833200601860881e-05,0.040208540856838226,0.494393527507782,0.029110625386238098,9.834058437263593e-05,9.83285644906573e-05,0.008915554732084274,0.011416004039347172,0.3992651104927063,9.83258942142129e-05,0.01619894802570343,9.834252705331892e-05,Nabais et al.,2018,Computational Framework for Port Community Systems towards Synchromodal Freight Networks
doc081,0.14644041657447815,0.0973614901304245,3.882233067997731e-05,0.1044766753911972,0.2612316608428955,0.2864541709423065,3.882104647345841e-05,3.882394594256766e-05,0.003028534585610032,0.03455125540494919,0.05913475900888443,0.007204394321888685,Nasser et al.,2025,Blockchain technology in maritime single window and port community systems A bibliometric analysis
doc082,0.0615956075489521,0.031864047050476074,0.0839039757847786,0.006864536087960005,0.15365904569625854,7.842713966965675e-05,7.842882769182324e-05,0.007554113399237394,7.842937338864431e-05,0.08073856681585312,0.5735064744949341,7.843423372833058e-05,Nguyen e Pham,2026,Assessing the impact of digital transformation on port efficiency and market positioning in Southeas
doc083,0.05211634933948517,0.0001298171846428886,0.00012977744336239994,0.0321066677570343,0.00012977985898032784,0.00012978191080037504,0.49923035502433777,0.24747014045715332,0.16816790401935577,0.0001297807029914111,0.0001297847629757598,0.0001297729613725096,Niculescu e Minea,2016,Developing a Single Window Integrated Platform for Multimodal Transport Management and Logistics
doc084,0.011885092593729496,0.12398329377174377,0.04152540862560272,0.047459427267313004,7.310623914236203e-05,7.31041727703996e-05,0.041501760482788086,7.310468936339021e-05,0.6318333148956299,0.022986313328146935,0.061345115303993225,0.01726091280579567,Nota et al.,2018,A service-oriented approach to modeling and performance analysis of Port Community Systems
doc085,0.14785145223140717,0.4135098159313202,0.034925203770399094,4.0208724385593086e-05,0.17935390770435333,4.020745836896822e-05,0.08221326768398285,0.022904325276613235,4.020843334728852e-05,4.021044878754765e-05,0.11402212828397751,0.0050590746104717255,Novaes Mathias et al.,2026,"Maritime logbooks as strategic infrastructure Policy, technology, and the future of port operations"
doc086,0.00014982152788434178,0.04953208565711975,0.015497011132538319,0.14819566905498505,0.0001498224155511707,0.0644550770521164,0.16030864417552948,0.021084874868392944,0.29166534543037415,0.00014981334970798343,0.2447269707918167,0.004084882326424122,Osório et al.,2013,Enterprise collaboration network for transport and logistics services
doc087,0.06446176767349243,0.10180213302373886,4.625375004252419e-05,0.03735130652785301,4.6254805056378245e-05,0.2831156551837921,0.21598628163337708,0.03818530589342117,0.11375842243432999,0.032521095126867294,0.11267920583486557,4.6254430344561115e-05,Pagano et al.,2022,C-Ports A proposal for a comprehensive standardization and implementation plan of digital services
doc088,0.34875741600990295,0.03756653890013695,0.20190854370594025,0.028544992208480835,0.011953877285122871,0.06448587030172348,0.15081200003623962,0.10588637739419937,0.022907625883817673,6.668183050351217e-05,0.027043519541621208,6.6681946918834e-05,Pahl,2024,Just-in-Time Port Call Optimization Challenges and IT-Systems
doc089,0.012605223804712296,0.16571159660816193,0.026464279741048813,0.12517859041690826,0.00015513692051172256,0.008420998230576515,0.21854804456233978,0.057113632559776306,0.38533708453178406,0.00015512756363023072,0.00015513655671384186,0.00015513019752688706,Petsios e Stylios,2014,A collaborative IT network for three adriatic maritime ports
doc090,0.10912307351827621,0.027177562937140465,0.003336572088301182,0.03547798842191696,4.586873546941206e-05,4.5869914174545556e-05,0.09156778454780579,0.5999611616134644,0.06749118864536285,4.587100193020888e-05,0.06568112969398499,4.587051080306992e-05,Peynirci,2023,The rise of emerging technologies A quantitative-based research on “maritime single window” in Turk
doc091,0.04259483143687248,7.014223956502974e-05,7.014572474872693e-05,0.7178137302398682,7.014471339061856e-05,7.015177106950432e-05,7.013925642240793e-05,0.01970946602523327,0.036838892847299576,0.03567274287343025,0.13676457107067108,0.010255086235702038,Roumboutsos et al.,2022,"Imitation, co-opetition and open innovation in network industries Cases from ports"
doc092,0.271086186170578,0.029778048396110535,2.885002140828874e-05,0.03857189789414406,2.8850598027929664e-05,0.43538084626197815,2.8851050956291147e-05,0.029107751324772835,0.07965190708637238,2.8861402824986726e-05,0.09628570079803467,0.020022204145789146,Rukanova et al.,2023,Public value creation through voluntary business to government information sharing enabled by digita
doc093,0.044289834797382355,0.00011271517723798752,0.00011268640082562342,0.0706394612789154,0.00011268757953075692,0.00011268379603279755,0.7440900802612305,0.05725240707397461,0.00011269941023783758,0.00011268018715782091,0.00011269942478975281,0.08293935656547546,Rødseth e Kapidani,2017,A taxonomy for single window environments in seaports
doc094,0.00013201130786910653,0.3960854411125183,0.08413951098918915,0.12997329235076904,0.00013200972171034664,0.00013200596731621772,0.1147986575961113,0.06309837847948074,0.00013200963439885527,0.1252737194299698,0.0859709233045578,0.0001320049341302365,S. Aksentijević et al.,2012,Investment analysis of Information Security Management in Croatian seaports
doc095,0.08068531006574631,0.0229902733117342,0.00022585609985981137,0.17004382610321045,0.00022593319590669125,0.00022587103012483567,0.1578199416399002,0.5353121757507324,0.026425516232848167,0.0002258539607282728,0.005593598820269108,0.00022583284589927644,Sakulyeva e Kseniia,2019,The single window mechanism in the field of external sector of the economy
doc096,0.06413070857524872,0.0001407250965712592,0.0001407250383635983,0.00014072118210606277,0.028728215023875237,0.1453671157360077,0.00014070747420191765,0.6717769503593445,0.03234728425741196,0.0568053163588047,0.00014071559417061508,0.00014071572513785213,Sarabia-Jacome et al.,2019,Enabling Industrial Data Space Architecture for Seaport Scenario
doc097,0.040004100650548935,0.02271330915391445,0.17326316237449646,0.2944490909576416,0.12618865072727203,8.264503412647173e-05,8.265036012744531e-05,0.008792740292847157,0.12990964949131012,0.12714749574661255,0.07728388905525208,8.264863572549075e-05,Saragiotis,2019,Business process management in the port sector a literature review
doc098,0.03126455098390579,0.10872825980186462,4.8825782869243994e-05,0.07524080574512482,0.021315922960639,0.5652294158935547,0.02725842408835888,4.8824505938682705e-05,0.1639636605978012,0.006803599186241627,4.8827532737050205e-05,4.8833451728569344e-05,Serra et al.,2022,Application Prospects of Blockchain Technology to Support the Development of Interport Communities
doc099,0.03565805032849312,0.0771729052066803,0.0002985893515869975,0.00029864333919249475,0.00029863641248084605,0.0002987129264511168,0.030234990641474724,0.4681636095046997,0.0002986334729939699,0.0002986841427627951,0.3866799771785736,0.00029863190138712525,Sidorov e Sidorova,2021,The national single window for trade as a trade facilitation tool
doc100,0.08900380879640579,5.517365934792906e-05,5.5172877182485536e-05,0.13041943311691284,5.517563840840012e-05,5.517373574548401e-05,5.517465979210101e-05,0.0639391764998436,0.5092313289642334,0.02651723101735115,0.15539507567882538,0.025218065828084946,Simoni et al.,2022,Group-specific business process improvements via a port community system the case of Rotterdam
doc101,0.36243996024131775,0.01600630208849907,0.00013012252748012543,0.21231915056705475,0.22826837003231049,0.0001301272859564051,0.00013011698320042342,0.00013012766430620104,0.00013012209092266858,0.0001301351876463741,0.18005526065826416,0.00013014435535296798,Sooprayen et al.,2024,Factors for innovation adoption by ports a systematic literature review
doc102,0.12981262803077698,0.07348152250051498,0.022938547655940056,0.07656298577785492,0.09026338905096054,0.00025986460968852043,0.029321296140551567,0.08575902134180069,0.08500545471906662,0.060187336057424545,0.34614813327789307,0.00025985270622186363,Soto et al.,2022,Competitiveness in the classification of port systems
doc103,0.09001738578081131,0.24514338374137878,0.0371917262673378,0.051218483597040176,0.4601268470287323,3.11433759634383e-05,3.114271748927422e-05,3.114261198788881e-05,0.01365312933921814,0.04683797433972359,0.0556863509118557,3.11445546685718e-05,Teixeira et al.,2026,The integration of Artificial Intelligence in seaports' smart gate processes Evidence based on a sy
doc104,0.020435739308595657,3.232011658838019e-05,0.00394570454955101,0.20937995612621307,0.020648492500185966,3.232286690035835e-05,3.232005474274047e-05,0.026150880381464958,0.02991846576333046,0.005422866903245449,0.14268745481967926,0.5413134694099426,Teßmann e Elbert,2022,Multi-sided platforms in competitive B2B networks with varying governmental influence – a taxonomy o
doc105,0.01913345977663994,0.011130617931485176,0.00014693464618176222,0.00014692125841975212,0.00014692649710923433,0.0001469226262997836,0.7474088668823242,0.10566127300262451,0.11563728004693985,0.00014692470722366124,0.00014693175035063177,0.00014692086551804096,Tijan et al.,2018,Integrating maritime national single window with port community system – Case study Croatia
doc106,0.052026357501745224,0.008927512913942337,0.00895310752093792,0.025372708216309547,5.448212687042542e-05,5.448333467938937e-05,0.25295183062553406,0.28790974617004395,0.0718662291765213,5.4482792620547116e-05,0.2917746603488922,5.448419688036665e-05,Tijan et al.,2019,Maritime National Single Window-a prerequisite for sustainable seaport business
doc107,0.1009998619556427,0.04176715016365051,9.512684482615441e-05,0.10038571804761887,9.512580436421558e-05,9.513197437627241e-05,0.10288365930318832,0.35573938488960266,0.24412605166435242,9.512742690276355e-05,0.0536225400865078,9.512335964245722e-05,Tijan et al.,2019,"The single window concept in international trade, transport and seaports"
doc108,0.10114709287881851,0.002122938632965088,0.00010360548185417429,0.07628151029348373,0.00010360922169638798,0.00010359713633079082,0.00010360872693127021,0.00010359899897594005,0.24407123029232025,0.00010359438601881266,0.5756520628929138,0.00010360377200413495,Tijan et al.,2021,The role of port authority in port governance and port community system implementation
doc109,0.039417997002601624,0.043810781091451645,4.591219840222038e-05,4.591346805682406e-05,4.591422475641593e-05,4.5910994231235236e-05,0.0369933657348156,0.07359027117490768,4.5911245251772925e-05,0.016682440415024757,0.7892296314239502,4.591646938933991e-05,Tombak et al.,2025,Advancing Port Sustainability in the Baltic Sea Region A Comparative Analysis Using the SMCC Framew.pdf
doc110,5.049349783803336e-05,0.10957469791173935,0.5675010681152344,0.03977183997631073,0.05015790835022926,5.049245373811573e-05,5.0491718866396695e-05,5.0494607421569526e-05,0.14448422193527222,0.06117132678627968,0.027086637914180756,5.0496098992880434e-05,Tordecilla et al.,2025,Resilient design of hyperconnected multiactor Physical Internet supply chain networks
doc111,0.021283423528075218,0.016572490334510803,8.650171366753057e-05,0.07458716630935669,8.650350355310366e-05,8.651919051771984e-05,0.5945850610733032,0.09117938578128815,0.19189614057540894,8.649877418065444e-05,0.009463918395340443,8.649670780869201e-05,Torlak et al.,2020,Analysis of port community system introduction in Croatian seaports - case study Split
doc112,0.00014399226347450167,0.024704832583665848,0.0001439879706595093,0.10422658920288086,0.003932655788958073,0.0001439859188394621,0.5902090072631836,0.12451384216547012,0.09858284890651703,0.00014400230429600924,0.04119465872645378,0.01205955445766449,Torlak et al.,2020,Port Community System feasibility analysis - Case study Split
doc113,0.00011083671415690333,0.009044499136507511,0.09002913534641266,0.12882833182811737,0.00011083175922976807,0.00011082222044933587,0.03331523388624191,0.09190674126148224,0.21976974606513977,0.3366997539997101,0.08996324986219406,0.00011083769641118124,Tsamboulas et al.,2012,Performance Evaluation for Implementation of Port Community System
doc114,0.09917950630187988,0.09190753847360611,0.00011594589159358293,0.2797096371650696,0.00011594742682063952,0.34460708498954773,0.00011594298121053725,0.00011594317038543522,0.11184534430503845,0.00011593855742830783,0.062137845903635025,0.010033205151557922,Tsiulin et al.,2020,Conceptual Comparison of Port Commmunity System and Blockchain Scenario for Maritime Document Handli
doc115,0.1310209482908249,0.08017393201589584,0.006766755599528551,0.0002075734519166872,0.22024236619472504,0.027043811976909637,0.00020760871120728552,0.03401615098118782,0.00020758123719133437,0.36843612790107727,0.13146957755088806,0.00020756834419444203,Tuñoque-Morante et al.,2024,Bibliometric analysis of the evolution of smart ports and ships trends and challenges
doc116,0.07039815932512283,0.03783942759037018,0.07040564715862274,0.07318267226219177,4.880233609583229e-05,4.8804828111315146e-05,4.8798461648402736e-05,4.879997868556529e-05,0.01670161262154579,0.03197067603468895,0.6992577314376831,4.880320557276718e-05,Utama et al.,2024,Developing a digital transformation maturity model for port assessment in archipelago countries The
doc117,0.08797614276409149,0.01208850834518671,0.40575140714645386,0.05705781280994415,7.703980372752994e-05,7.703615847276524e-05,7.703425217187032e-05,7.703781011514366e-05,0.02129293419420719,0.01333966851234436,0.4021083414554596,7.704134623054415e-05,Utama et al.,2024,The effect of digital adoption and service quality on business sustainability through strategic alli
doc118,0.05361705273389816,0.16145610809326172,0.08234009146690369,0.00014481540711130947,0.0001448201946914196,0.000144809004268609,0.1807764768600464,0.03489172086119652,0.006210011895745993,0.0001448174298275262,0.47998446226119995,0.00014481222024187446,Utomo et al.,2024,National Single Window Focus Area from the Perspective of IT Governance Case Study in Government Se
doc119,9.696039342088625e-05,9.698024223325774e-05,9.697317000245675e-05,0.030874688178300858,9.695131302578375e-05,9.695938933873549e-05,0.3485519587993622,0.30261409282684326,0.3171835243701935,9.696107736090198e-05,9.695759217720479e-05,9.697910718386993e-05,Vaghi e Lucietti,2016,Costs and Benefits of Speeding up Reporting Formalities in Maritime Transport
doc120,0.049182385206222534,0.0025011005345731974,8.810195868136361e-05,0.18263685703277588,8.809973951429129e-05,8.809491555439308e-05,8.810033614281565e-05,8.809727296466008e-05,0.10930363088846207,8.80967709235847e-05,0.655759334564209,8.809684368316084e-05,Vairetti et al.,2019,Facilitating conditions for successful adoption of inter-organizational information systems in seapo
doc121,0.14831183850765228,0.027783822268247604,5.103221701574512e-05,5.103363946545869e-05,5.103026705910452e-05,0.07573726028203964,0.022827675566077232,0.04405162110924721,0.017498239874839783,5.102986688143574e-05,0.6157861948013306,0.04779922589659691,van Donge et al.,2022,Data-driven government Cross-case comparison of data stewardship in data ecosystems
doc122,0.09486759454011917,0.0662723258137703,0.0001498078927397728,0.10041669011116028,0.0001498166093369946,0.000149805739056319,0.00014980998821556568,0.006669905036687851,0.4684269428253174,0.0001498001511208713,0.26244762539863586,0.00014981026470195502,Vieira et al.,2015,The Rationalization of Port Logistics Activities A Study at Port of Santos (Brazil)
doc123,0.09751935303211212,0.16475909948349,0.0872640609741211,0.00010690099588828161,0.00010690262570278719,0.0001069047866621986,0.09506256133317947,0.3741222023963928,0.17356830835342407,0.007169852964580059,0.00010690758062992245,0.00010690346243791282,Yusuf,2023,Implementation inaportnet in Service One Stop Integrated at Dumai Port by PT. Andalas son Ocean Duma
doc124,0.2689715325832367,0.06686586886644363,5.384446194511838e-05,0.39248955249786377,0.04252447932958603,5.3836178267374635e-05,5.383407915360294e-05,5.3835501603316516e-05,0.05467378348112106,0.02772373892366886,0.14648200571537018,5.383513052947819e-05,Zerbino et al.,2018,Knowledge Management in PCS-enabled ports an assessment of the barriers
doc125,6.77659991197288e-05,0.1818196177482605,0.15938863158226013,0.08354028314352036,0.08240772038698196,6.776156806154177e-05,0.04061390087008476,6.77608695696108e-05,0.3507324755191803,0.06391103565692902,0.03731529787182808,6.776166264899075e-05,Zerbino et al.,2019,Towards analytics-enabled efficiency improvements in maritime transportation A case study in a medi
